Transaction_ID,Account_No,Timestamp,Amount
TXB_215294,ACC_101,2026-08-01 05:01:00,280
TXB_979989,ACC_101,2026-08-01 11:03:00,1950
TXB_325281,ACC_101,2026-08-01 11:38:00,212
TXB_723094,ACC_101,2026-08-01 17:08:00,1341
TXB_717075,ACC_101,2026-08-01 21:46:00,732
TXB_905889,ACC_101,2026-08-02 02:25:00,1995
TXB_601157,ACC_101,2026-08-02 03:28:00,1543
TXB_748663,ACC_101,2026-08-02 09:47:00,747
TXB_999901,ACC_101,2026-08-03 14:00:00,85000
TXB_999902,ACC_101,2026-08-03 14:01:30,90000
TXB_999903,ACC_101,2026-08-03 14:02:10,95000
TXB_937291,ACC_101,2026-08-04 15:29:00,1176
TXB_977844,ACC_101,2026-08-04 22:59:00,900
TXB_314283,ACC_101,2026-08-05 13:45:00,663
TXB_405628,ACC_101,2026-08-06 02:19:00,1343
TXB_120056,ACC_101,2026-08-06 10:05:00,1241
TXB_145714,ACC_101,2026-08-06 13:16:00,915
TXB_970910,ACC_101,2026-08-07 00:26:00,1182
TXB_561079,ACC_101,2026-08-07 05:18:00,393
TXB_151663,ACC_101,2026-08-07 11:39:00,286
TXB_730152,ACC_102,2026-08-01 13:04:00,1227
TXB_369536,ACC_102,2026-08-01 14:14:00,1859
TXB_448951,ACC_102,2026-08-01 14:38:00,1176
TXB_108155,ACC_102,2026-08-04 06:56:00,1902
TXB_177505,ACC_102,2026-08-04 10:53:00,437
TXB_749150,ACC_102,2026-08-05 02:39:00,826
TXB_296769,ACC_102,2026-08-05 18:33:00,1679
TXB_891743,ACC_102,2026-08-05 19:49:00,485
TXB_877089,ACC_102,2026-08-06 05:13:00,664
TXB_635017,ACC_102,2026-08-06 10:06:00,254
TXB_745263,ACC_103,2026-08-01 04:22:00,1887
TXB_418394,ACC_103,2026-08-01 10:59:00,863
TXB_748307,ACC_103,2026-08-01 11:39:00,1092
TXB_222096,ACC_103,2026-08-01 14:23:00,842
TXB_428947,ACC_103,2026-08-02 07:39:00,1690
TXB_291232,ACC_103,2026-08-02 17:29:00,1731
TXB_314835,ACC_103,2026-08-03 00:31:00,1834
TXB_143585,ACC_103,2026-08-03 04:37:00,1919
TXB_500109,ACC_103,2026-08-03 09:26:00,1145
TXB_930496,ACC_103,2026-08-04 02:56:00,739
TXB_488215,ACC_103,2026-08-04 02:59:00,251
TXB_444894,ACC_103,2026-08-04 07:12:00,219
TXB_977284,ACC_103,2026-08-04 14:17:00,1469
TXB_388998,ACC_103,2026-08-05 02:12:00,1613
TXB_506619,ACC_103,2026-08-05 14:14:00,1266
TXB_113986,ACC_103,2026-08-05 16:16:00,491
TXB_455612,ACC_103,2026-08-06 00:53:00,796
TXB_258338,ACC_103,2026-08-06 15:10:00,1585
TXB_789944,ACC_103,2026-08-06 18:39:00,117
TXB_368799,ACC_104,2026-08-02 15:28:00,1899
TXB_827975,ACC_104,2026-08-03 21:02:00,966
TXB_996048,ACC_104,2026-08-04 05:22:00,1315
TXB_284078,ACC_104,2026-08-04 07:37:00,937
TXB_974371,ACC_104,2026-08-04 13:16:00,195
TXB_388249,ACC_104,2026-08-04 18:50:00,1763
TXB_778843,ACC_104,2026-08-05 07:55:00,1490
TXB_659042,ACC_104,2026-08-05 13:06:00,1469
TXB_221172,ACC_104,2026-08-05 14:17:00,531
TXB_961882,ACC_104,2026-08-05 15:08:00,1283
TXB_333841,ACC_104,2026-08-05 17:19:00,368
TXB_453531,ACC_104,2026-08-06 07:09:00,1850
TXB_539430,ACC_104,2026-08-07 17:59:00,1515
TXB_889852,ACC_105,2026-08-01 17:40:00,379
TXB_447449,ACC_105,2026-08-01 19:44:00,559
TXB_178781,ACC_105,2026-08-02 11:41:00,1873
TXB_533374,ACC_105,2026-08-02 23:29:00,1303
TXB_713333,ACC_105,2026-08-03 00:51:00,1733
TXB_218015,ACC_105,2026-08-03 01:35:00,1284
TXB_292506,ACC_105,2026-08-03 03:48:00,1283
TXB_469599,ACC_105,2026-08-04 09:33:00,1732
TXB_821772,ACC_105,2026-08-04 15:02:00,1319
TXB_370936,ACC_105,2026-08-04 17:53:00,487
TXB_834965,ACC_105,2026-08-05 02:01:00,621
TXB_494366,ACC_105,2026-08-05 03:09:00,890
TXB_298286,ACC_105,2026-08-06 06:14:00,330
TXB_545101,ACC_106,2026-08-01 09:29:00,1446
TXB_718467,ACC_106,2026-08-01 15:56:00,1804
TXB_213632,ACC_106,2026-08-02 17:31:00,712
TXB_962645,ACC_106,2026-08-03 09:16:00,662
TXB_371836,ACC_106,2026-08-03 16:03:00,1945
TXB_152921,ACC_106,2026-08-03 21:06:00,1788
TXB_170467,ACC_106,2026-08-04 20:15:00,346
TXB_586232,ACC_106,2026-08-05 10:36:00,847
TXB_131024,ACC_106,2026-08-05 11:37:00,669
TXB_679036,ACC_106,2026-08-06 02:23:00,1162
TXB_301664,ACC_106,2026-08-06 15:54:00,1670
TXB_481050,ACC_107,2026-08-01 03:22:00,1307
TXB_544209,ACC_107,2026-08-01 08:57:00,1990
TXB_704365,ACC_107,2026-08-01 12:55:00,134
TXB_359178,ACC_107,2026-08-01 14:20:00,1394
TXB_487261,ACC_107,2026-08-04 21:12:00,1354
TXB_318126,ACC_107,2026-08-05 19:38:00,492
TXB_798002,ACC_107,2026-08-06 03:20:00,1222
TXB_691460,ACC_107,2026-08-06 05:54:00,1236
TXB_956748,ACC_107,2026-08-06 13:12:00,135
TXB_612153,ACC_107,2026-08-06 15:30:00,1199
TXB_737717,ACC_107,2026-08-07 17:02:00,680
TXB_418717,ACC_107,2026-08-07 19:47:00,1412
TXB_921654,ACC_108,2026-08-03 03:44:00,1171
TXB_103051,ACC_108,2026-08-03 04:04:00,1695
TXB_547600,ACC_108,2026-08-03 07:04:00,1815
TXB_673665,ACC_108,2026-08-03 07:54:00,126
TXB_890180,ACC_108,2026-08-04 20:10:00,748
TXB_621430,ACC_108,2026-08-04 23:34:00,221
TXB_234415,ACC_108,2026-08-06 03:24:00,996
TXB_118070,ACC_108,2026-08-06 04:15:00,953
TXB_164820,ACC_108,2026-08-06 18:42:00,1785
TXB_757917,ACC_108,2026-08-06 20:45:00,1350
TXB_556551,ACC_108,2026-08-07 05:56:00,198
TXB_867836,ACC_109,2026-08-01 01:38:00,252
TXB_478496,ACC_109,2026-08-02 08:11:00,1112
TXB_465871,ACC_109,2026-08-02 10:09:00,996
TXB_981691,ACC_109,2026-08-02 20:53:00,895
TXB_843974,ACC_109,2026-08-03 01:36:00,1763
TXB_894824,ACC_109,2026-08-03 03:39:00,234
TXB_665894,ACC_109,2026-08-03 11:16:00,1942
TXB_616588,ACC_109,2026-08-04 08:59:00,287
TXB_476896,ACC_109,2026-08-04 15:56:00,114
TXB_908350,ACC_109,2026-08-05 14:16:00,250
TXB_320884,ACC_109,2026-08-06 11:09:00,395
TXB_220151,ACC_109,2026-08-06 13:26:00,620
TXB_580761,ACC_109,2026-08-07 01:16:00,927
TXB_551269,ACC_109,2026-08-07 13:54:00,1482
